key	ja-JP	en-US	ko-KR	zh-TW	latitude	longitude
HAinu1	サッナイ	Sat-nay	니콜	札前	41.46361111	140.0280556
HAinu2	チリプオ	Cir-o-p	오오호내	白符	41.46527778	140.2486111
HAinu3	モムチャ	Mom-ca	퇴오이	茂草	41.50222222	140.0191667
HAinu4	キオペ	Ki-o-pe	쿤네펱	清部	41.52416667	140.0036111
HAinu5	コタヌウシイ	Kotanu-us-i	모눞오내	小谷石	41.53083333	140.4191667
HAinu6	エラマンテウシ	Eramante-usi	에산피탈	江良	41.54444444	139+59/60+34/3600
HAinu7	パラコッ	Para-kot	삿웃이	原口	41.60444444	139+59/60+10/3600
HAinu8	チシムエコ	Cis-imko	오우콭	小砂子	41.64861111	139+59/60+58/3600
HAinu9	リコナイ	?-nay	쿠마웃이	木古内	41.67722222	140.4286111
HAinu10	カマヤペッ	Kama-ya-pet	코탄내	釜谷	41.71166667	140.5377778
HAinu11	カマヤ	Kama-ya	코탄펱	釜谷	41.73361111	140.9366667
HAinu12	トウンペッ	To-un-pet	피산펱	当別	41.7375	140.58
HAinu13	オヤウシイ	O-ya-us-i	카예우투루	小安	41.74027778	140.9272222
HAinu14	シララウエト	Sirar-etu	아윳니웃이	石崎	41.75333333	140.8777778
HAinu15	モペチ	Mo-peci	퉆우시	茂辺地	41.76527778	140.6036111
HAinu16	ウカウシララ	Ukaw-sirar	눞카	志海苔	41.76611111	140.8197222
HAinu17	エサンイ	E-san-i	에핏오맢	恵山	41.78555556	141.1494444
HAinu18	ヤンケナイ	Yanke-nay	우팟사맘페	矢不来	41.78694444	140.6194444
HAinu19	クンネペッ	Kunne-pet	쿹카안내	久根別	41.825	140.6702778
HAinu20	トゥパナ	Tu-pana	펱포	津花	41.865	140.1216667
HAinu21	ペケペッレ	Peker-pet	소랖치	戸切地	41.8675	140.5944444
HAinu22	キナウシイ	Kina-us-i	쿠마웃이	木直	41.88583333	141.0691667
HAinu23	オサッペ	O-sat-pe	이찬내	尾札部	41.89	141.0216667
HAinu24	トマリ	Tomari	포로뫼	泊	41.89138889	140.1388889
HAinu25	カッコクウンイ	Kakkok-un-i	키토웃	川汲	41.90888889	140.9722222
HAinu26	プシプトゥ	Pus-putu	시타카라?	伏木戸	41.91666667	140.1455556
HAinu27	ランポク	Ran-pok	피라켓	峠下	41.92583333	140.6538889
HAinu28	ポロト	Poro-to	홀카내	大沼	41.98166667	140.6738889
HAinu29	イクサプ	I-kusa-p	앝웃내	軍川	41.99083333	140.7030556
HAinu30	オタペッ	Ota-pet	칠펱	歌別	41.99805556	143.1619444
HAinu31	フレペッ	Hure-pet	(토피우)?	赤井川	42.00666667	140.6313889
HAinu32	トマムペッ	Tomam-pet	포펱	苫別	42.01638889	143.1483333
HAinu33	シケペ	Sike-pe	놑삼	鹿部	42.03333333	140.8208333
HAinu34	ソヤ	So-ya	온네토	庶野	42.04111111	143.2919444
HAinu35	プイオマプ	Puy-oma-p	실투카리	笛舞	42.04638889	143.1027778
HAinu36	ポンペッ	Pon-pet	템문야	本別	42.05111111	140.8091667
HAinu37	チカイェプ	Cikayep	오야훌	近浦	42.06027778	143.0727778
HAinu38	ポロオマンペッ	Poro-oman-pet	탚콮	幌満	42.07666667	143.0352778
HAinu39	プイオスマ	Puy-o-suma	시유펱	冬島	42.10111111	142.9855556
HAinu40	オシララナイ	O-sirar-nay	이소야	尾白内	42.11222222	140.6127778
HAinu41	ケネニウシイ	Kene-ni-us-i	메만펱	見日	42.11694444	140.0213889
HAinu42	サラ	Sara	노카피라	砂原	42.12666667	140.6638889
HAinu43	クマウシイ	Kuma-us-i	쿹탈웃이	熊石	42.12916667	139+59/60+8/3600
HAinu44	ウトマペッウム	Utumam-pet	치우앗펱	鵜苫	42.13388889	142.8738889
HAinu45	スキナイプ	Supki-nay	오샅내	関内	42.13472222	139+55/60+58/3600
HAinu46	チキサプ	Ci-kisa-p	펫투카리	月寒	42.15166667	142.7994444
HAinu47	イクシリタモシ	I-kus-ta-mosir	후레펱	奥尻	42.17138889	139+30/60+54/3600
HAinu48	イカララニ	I-kar-rani	앝퉄토	井寒台	42.17833333	142.7327778
HAinu49	エサマンイ	Esaman-i	니눔웃펱	様似	42.18333333	142.9252778
HAinu50	エプイ	Epuy	에룸내	絵笛	42.18694444	142.7147222
HAinu51	カイェウトゥル	Kaye-uturu	키로루	貝取澗	42.18694444	139+53/60+35/3600
HAinu52	オテシペッ	O-tes-pet	카믜핱탈	落部	42.18972222	140.4255556
HAinu53	ニチャ	Ni-ca	란코웃이	西舎	42.19361111	142.8608333
HAinu54	オニウシイ	O-ni-us-i	후렢	荻伏	42.19666667	142.6791667
HAinu55	ルペペッシ	Ru-pes-pet	웬내	ルベシベツ	42.20027778	143.3238889
HAinu56	モコチ	Mo-koci	토마리	向別	42.20611111	142.7805556
HAinu57	ヌプタイ	Nup-tay	샄코탄내	野田生	42.21833333	140.3788889
HAinu58	オシララウンペッ	O-sirar-un-pet	이페콜펱	音調津	42.22361111	143.3169444
HAinu59	クウントゥ	Ku-un-tu	쿹찰	久遠	42.22416667	139+50/60+12/3600
HAinu60	ケリマプ	Keri-ma-p	멤	鳧舞	42.22555556	142.6225
HAinu61	アネサラ	Ane-sara	알룰	姉茶	42.22833333	142.7216667
HAinu62	ヤクナイムシ	Yam-kus-nay	우랄	山越	42.23	140.33
HAinu63	ミトゥシ	Mitus	토마오마이	三石	42.24833333	142.5572222
HAinu64	ヌプカ	Nupka	산내푸투	野深	42.24861111	142.7555556
HAinu65	ポンケリマプ	Pon-kerimap	태키웃이	本桐	42.24944444	142.6327778
HAinu66	ピポオロ	Pi-po-or	시펱차	美幌	42.25305556	143.3091667
HAinu67	ハルタウシナイ	Haru-ta-us-nay	샅쿠마	春立	42.26805556	142.5016667
HAinu68	オタ	Ota	하루우토루?	太田	42.28111111	139+47/60+5/3600
HAinu69	モイオロ	Moy-or	투왈	茂寄	42.28166667	143.3136111
HAinu70	ピオリロ	Pir-or	시카리펱	広尾	42.28694444	143.2755556
HAinu71	ポクオイ	Pok-o-i	텔케웃이	母恋	42.31111111	140.9952778
HAinu72	ヌカペップ	Nupka-pet	사모오마이	野塚	42.31333333	143.3252778
HAinu73	ウララ	Urar	에쿳나펱	浦和	42.31722222	142.4216667
HAinu74	トイペッ	Toy-pet	핕오로	東別	42.32388889	142.5563889
HAinu75	チャシ	Casi	판케토	茶津	42.32611111	140.9933333
HAinu76	ワネウシイ	Wa?-ne-us-i	유푸투	輪西	42.33388889	141.0097222
HAinu77	シフチナイ	Si-huci-nay	눔옽페	静内	42.34027778	142.365
HAinu78	シクトゥル	Sikutur	오넽오맢	祝津	42.34055556	140.9486111
HAinu79	ハペッシ	Has-pet	야솟케	鷲別	42.35527778	141.0477778
HAinu80	チリペッ	Cir-pet	페페릐	知利別	42.35972222	141.025
HAinu81	クンネスマ	Kunne-suma	마살펱	黒岩	42.36777778	140.2894444
HAinu82	ポロハックッ	Poro-hatkut	살오마펱	泊津	42.37222222	142.3330556
HAinu83	ピッオロ	Pit-oro	시요로로?	太櫓	42.38	139+49/60+4/3600
HAinu84	セプ	Sep	오시키나웃이	節婦	42.38166667	142.2761111
HAinu85	オコムシプウペ	O-kompu-us-pe	미툿	黄金	42.38555556	140.9094444
HAinu86	トイオイ	Toy-o-i	포로내	豊似	42.39444444	143.3033333
HAinu87	ヲフンカルシベ	O-punkar-us-pe	하루웃	大狩部	42.39611111	142.2602778
HAinu88	ポロペッ	Poro-pet	타올켓	幌別	42.40972222	141.1091667
HAinu89	マウ(ニ)ウシイオロ	Maw(Ni)-us-i-oro	센필	万世	42.42	142.4058333
HAinu90	ノヤサラ	Noya-sar	살킾	農屋	42.42055556	142.5052778
HAinu91	エマウリオマレプ	Emawri-omarep	토맘	稀府	42.4275	140.9033333
HAinu92	クン(ネ)ヌイ	Kun(Ne)-nuy	마타옽이	国縫	42.43694444	140.3225
HAinu93	セタナイ	Seta-nay	오샅페	瀬棚	42.45277778	139+51/60+5/3600
HAinu94	ライパ	Ray-pa	웉내	来馬	42.45583333	141.1
HAinu95	クッタラシウイ	Kuttar-us-i	모이와	虎杖浜	42.46222222	141.2152778
HAinu96	カパラ	Kapar	콤푸뫼	賀張	42.46888889	142.2238889
HAinu97	トピウ	(Topiu)?	오타누푸리	竹浦	42.47694444	141.2383333
HAinu98	メム	Mem	토풑	芽武	42.47722222	143.3686111
HAinu99	モペッ	Mo-pet	우희	門別	42.48	142.0736111
HAinu100	ワッカオイ	Wakka-o-i	윸치세	若生	42.49638889	140.82
HAinu101	ユクチセ	Yuk-cise	애캎	幾千世	42.50027778	142.1161111
HAinu102	タイキウシイ	Tayki-us-i	오타놋키	大樹	42.50222222	143.2672222
HAinu103	ピウカ	(Biuka)	시케페	比宇（美宇）	42.50722222	142.3380556
HAinu104	ウパサマペシム	Upas-samampe}	이오피토	長万部	42.51416667	140.3791667
HAinu105	ウシオロ	Us-or	치래카리펱	有珠	42.51472222	140.7913889
HAinu106	スマオタ	Suma-ota	눞우툴	島歌	42.51611111	139+50/60+40/3600
HAinu107	ピラカウンコタン	Pira-ka-un-kotan	세오이	平賀	42.52527778	142.0413889
HAinu108	ソペッ	So-pet	오타	壮瞥	42.55611111	140.8622222
HAinu109	スムウンコッ	Sum-un-kot	놑올	紫雲古津	42.5575	142.0769444
HAinu110	サル・パ	Sar-pa	니세오맢	去場	42.56194444	142.0869444
HAinu111	チウルイトプイ	Ciw-ruy-topuy	파라오타	忠類	42.56444444	143.3019444
HAinu112	ニナ	(Nina)	레푼켚	荷菜	42.57555556	142.1069444
HAinu113	サタイペッ	Sa-tay-pet	오케투운내	社台	42.57805556	141.4166667
HAinu114	クオナイ	Ku-o-nay	쿹탈웃이	久保内	42.57888889	140.9552778
HAinu115	レプンケプ	Repun-ke-p	얌페	礼文華	42.58027778	140.5936111
HAinu116	シララオイ	Sirara-o-i	온네유	白老	42.5825	141.3158333
HAinu117	シリトゥカリ	Sir-tukari	누칸내	静狩	42.58583333	140.465
HAinu118	パンケユ	Panke-yu	샅텤내	蟠溪	42.58861111	141.0258333
HAinu119	オプシケ	Op-kes	하루웃내	大岸	42.59055556	140.6447222
HAinu120	オタルオマイ	Ota-ru-oma-i	오퇴넾	樽前	42.59777778	141.4277778
HAinu121	オイカオマイ	Oika-oma-i	오살웃내	生花	42.59888889	143.4522222
HAinu122	クオピラ	Ku-o-pira	모펱	小平	42.60083333	142.1511111
HAinu123	ニシタプ	Ni-sitap	라니	錦岡	42.6025	141.48
HAinu124	レレコオマペッ	Rerko-oma-pet	모펱	駒別	42.61166667	140.9880556
HAinu125	コイトウエイ	Koy-tuye	쳎포오치	糸井	42.61861111	141.5397222
HAinu126	ワルンペフル	Warunpe-hur	유토	蕨岱	42.61861111	140.3352778
HAinu127	ユプトゥ	Yu-putu	웉	勇払	42.62722222	141.7280556
HAinu128	ニプタイ	Nip-ta-i?	렐코오마펱	二風谷	42.63555556	142.1588889
HAinu129	トヤ	To-ya	포킨필	洞爺	42.64888889	140.8338889
HAinu130	サラペッ	Sar-pet	닢타이?	更別	42.6525	143.1855556
HAinu131	チオプシイ	Ci-o-pus-i	팔오마웉내	長節	42.66	143.5844444
HAinu132	クルマッナイ	Kurmat-nay	맛우포포	黒松内	42.67083333	140.3075
HAinu133	メム	Mem	토운펱	芽生	42.67083333	142.3625
HAinu134	ヌプキペッ	Nupki-pet	리키필	貫気別	42.6725	142.2630556
HAinu135	メプ	Mep	루펫펱	熟郛	42.67833333	140.3033333
HAinu136	ヌイェ	Nuye	풋푸투	荷負	42.67972222	142.1977778
HAinu137	ユト	Yu-to	웃토마리	湧洞	42.68083333	143.4772222
HAinu138	チウアシペッ	Ciw-as-pet	페루아?	千走	42.68555556	140.0108333
HAinu139	オホウッナイ	Oho-utnay	핫펱	大津	42.68722222	143.6483333
HAinu140	パラオタ	Para-ota	살톰옴아내	原歌	42.68777778	139+58/60+48/3600
HAinu141	オサッナイ	O-sat-nay	이찬이	長知内	42.69638889	142.2119444
HAinu142	トマリ	Tomari	포로뫼	泊	42.69972222	140.0611111
HAinu143	オリカンペッ	O-rikan-pet	케느외카	折川	42.71583333	140.1602778
HAinu144	ウッナイ	Ut-nay	칫임코	ウツナイ	42.72138889	143.6247222
HAinu145	モラプ	Mo-rap	틔마치눞	モラップ	42.72305556	141.3858333
HAinu146	フレナイ	Hure-nay	소에산펱	振内	42.72611111	142.3016667
HAinu147	ウェンナイ	Wen-nay	치키샆	植苗	42.72638889	141.7166667
HAinu148	タププコライ	Tapkop-ray	오텔케옽페	旅来	42.72638889	143.5888889
HAinu149	トアサム	To-asam	피픠	遠浅	42.72805556	141.7705556
HAinu150	イワチシ	Iwa-cis	치키샆	岩知志	42.735	142.3483333
HAinu151	ピプイ	Pi-puy	시페내	美笛	42.73527778	141.2163889
HAinu152	ルスッ	Ru-sut	웬홀카펱	留寿都	42.73777778	140.8761111
HAinu153	ｵﾛｳｪﾝｼﾘﾍﾟｯ	Oro-wen-sirpet	케리맢	御園	42.74638889	140.9886111
HAinu154	アイウシニウシイ	Ayusni-us-i	아윳니웃이	愛牛	42.74722222	143.6080556
HAinu155	ユペッ	Yu-pet	웉	湯別	42.75027778	140.2827778
HAinu156	セイオイ	Sey-o-i	오샅내	背負	42.76055556	143.5252778
HAinu157	ポペッ	Po-pet	숨운콭	穂別	42.76166667	142.1358333
HAinu158	サクシルペペ	Sak-rupespe	살루펫페	早来	42.76277778	141.8180556
HAinu159	タオロシケ	Taor-kes	오톺케?	樽岸	42.76444444	140.2522222
HAinu160	マクカリプ	Mak-kari-p	톸코니코탄	真狩	42.76638889	140.8025
HAinu161	チャシコッ	Casi-kot	앝내	安骨	42.77305556	143.5430556
HAinu162	ニセウ	Nisew	란퐄	仁世宇	42.77472222	142.3588889
HAinu163	オタスッ	Ota-sut	치래옽	歌棄	42.77694444	140.3061111
HAinu164	シリペッ	Si-ri-pet	오푼칼웃페	尻別	42.77972222	140.9433333
HAinu165	ポロピナイ	Poro-pi-nay	탄네뫼	幌美内	42.78027778	141.3105556
HAinu166	ヌカンナイ	Nukan-nay	레탈피라	糠内	42.78111111	143.3244444
HAinu167	ペッペッ	Pet-pet	신픠	美々	42.78777778	141.6758333
HAinu168	シットゥネイ	Sittuney?	눔오마내	静内	42.78888889	143.6991667
HAinu169	ウシシペッ	Usis-pet	칲오마내	牛首別	42.79055556	143.52
HAinu170	キムウンペッ	Kim-un-pet	쿤네늬	喜茂別	42.79555556	140.9358333
HAinu171	コンポヌプリ	Konpo-nupuri	모사	昆布	42.79611111	140.5986111
HAinu172	モイワ	Mo-iwa	토야	茂岩	42.80166667	143.4980556
HAinu173	タンネモイ	Tanne-moy	오탙니오맢	種前	42.80222222	140.3072222
HAinu174	ルオサンイ	Ru-o-san-i	와룬페훌	留産	42.8025	140.9222222
HAinu175	ランコウシイ	Ranko-us-i	우왙테펱	蘭越	42.80555556	140.5277778
HAinu176	アプナイ	Ap-nay	아네사라	厚内	42.80833333	143.8180556
HAinu177	ランコウシイ	Ranko-us-i	우투루치쿳이	蘭越	42.81027778	141.5894444
HAinu178	ノヤウイシ	Noya-us-i	사라	農野牛	42.81166667	143.4933333
HAinu179	トプヨカオロ	(Topuyokaoro)?	포로내	豊頃	42.81305556	143.5505556
HAinu180	レサクペッ	Re-sak-pet	웬피라	礼作別	42.81666667	143.445
HAinu181	ピヤ	Pi-ya	시랄에투	美谷	42.8275	140.3077778
HAinu182	イソヤ	Iso-ya	차시	磯谷	42.84416667	140.3272222
HAinu183	ネシシコウイ	Nesko-us-i	루펫페	根志越	42.84416667	141.6738889
HAinu184	スマオコタン	Suma-o-kotan	누사오마이	島古丹	42.85638889	140.3463889
HAinu185	ノット	Notto	샄루	能津登	42.8625	140.3511111
HAinu186	トペッ	To-pet	폰펱	途別	42.86333333	143.2330556
HAinu187	ピパイロペッ	Pipa-iro-pet	시쿠툴웃내	美生	42.86611111	143.0163889
HAinu188	トコムロオ	Tokom-or	펱펱	常室	42.86888889	143.67
HAinu189	トプッ	To-put	필올	十弗	42.86916667	143.5013889
HAinu190	オサッ〈ナイ〉	O-sat-nay	이이카웃이	長都	42.87444444	141.6313889
HAinu191	サクペッ	Sak-pet	오이찬오맢	尺別	42.87666667	143.9169444
HAinu192	ス(キ)サプラ	Sup(Ki)-sar	눞켓	渋山	42.87972222	142.9847222
HAinu193	イチャニ	Icani	애펱	漁	42.88027778	141.5744444
HAinu194	ヌプリカウンペッ	Nupuri-ka-un-pet	쿠차내	寒別	42.89694444	140.8352778
HAinu195	サペッラ	Sar-pet	니탙내	猿別	42.90083333	143.3383333
HAinu196	サッナイ	Sat-nay	넷코웃이	札内	42.91222222	143.2547222
HAinu197	スマオマプ	Suma-oma-p	누웃펱	島松	42.91944444	141.5777778
HAinu198	ニオペッ	Ni-o-pet	레샄펱	仁別	42.92027778	141.4355556
HAinu199	トゥペッシ	Tus-pet	폰펱	利別	42.92861111	143.4319444
HAinu200	サラシキウイ	Sarki-us-i	니스	去来牛	42.93361111	144.7580556
HAinu201	オイチャンオマプ	O-ican-oma-p	이나우웃이	老者舞	42.93694444	144.7172222
HAinu202	ワッカチャラセ	Wakka-carse	얌왘카루	分遣瀬	42.9375	144.7013889
HAinu203	チプオマナイ	Cip-oma-nay	팤캐페	知方学	42.93888889	144.7344444
HAinu204	パシルク	Paskur	세셐이	馬主来	42.94055556	144.0155556
HAinu205	ウッチナイ	Utci-nay	유페옽	輪厚	42.94416667	141.5083333
HAinu206	カチロコイ	?	콤푸뫼	桂恋	42.94527778	144.4541667
HAinu207	シクトゥルシウナイ	Sikutur-us-nay	오닛카?	宿徳内	42.94722222	144.5047222
HAinu208	チエオタ	Ci-e-ota	페칸페웃이	千代田	42.94722222	143.3586111
HAinu209	ウワッテペッ	Uwatte-pet	유펱	和天別	42.94805556	144.0458333
HAinu210	ポロナイ	Poro-nay	수푼펱	幌内	42.94888889	144.5486111
HAinu211	トゥイマチヌプ	Tuyma-ci-nu-p	폰토마리	十町瀬	42.95027778	144.6
HAinu212	ポントマリ	Pon-tomari	텟운이	浦雲泊	42.95194444	144.6144444
HAinu213	アトウイカ	Atuy-ka	앞내	跡永賀	42.9525	144.6316667
HAinu214	コムプモイ	Kompu-moy	모사	昆布森	42.95444444	144.5311111
HAinu215	サシウシイ	Sas-us-i	뫼올	刺牛	42.95722222	144.0994444
HAinu216	ニセイオマプ	Nisey-oma-p	토맘펱	簾舞	42.95833333	141.2561111
HAinu217	ポンイオプ	Pon-i-o-p	살키웃이	羽帯	42.96027778	142.9072222
HAinu218	ソウシペッ	So-us-pet	오수옾	双珠別	42.96083333	142.5191667
HAinu219	オウコッ	O-u-kot	이찬	興津	42.96222222	144.4102778
HAinu220	シライカラ	Sirar-ika	오눞운내	白糠	42.96388889	144.0875
HAinu221	ハルウトル	Haru-(Utoru)?	샅내	春採	42.96944444	144.4097222
HAinu222	シリエトゥ	Sir-etu	오포로펱	知人	42.97138889	144.3702778
HAinu223	フサルム	Hur-sam	시유퉆?	古山	42.97416667	141.7875
HAinu224	ヌプカペッ	Nupka-pet	샄루펫페	野束	42.97555556	140.4952778
HAinu225	マウオイ	Maw-o-i	토아삼	馬追	42.97888889	141.7427778
HAinu226	ヌサオマイ	Nusa-oma-i	리쿤펱	幣舞	42.97944444	144.3880556
HAinu227	シヨロロ	(Siyororo)?	온네야웃펱	庶路	42.9825	144.1502778
HAinu228	チェププシポウイ	Cep-pop-us-i	오솔콭	仙鳳趾	42.98277778	144.7202778
HAinu229	オサラシウナイ	O-sar-us-nay	잌타라	長流枝内	42.98361111	143.2847222
HAinu230	チプシランケウイ	Cip-ranke-us-i	파나운쿠루야솥케	重蘭窮	42.98361111	144.7194444
HAinu231	サモオマイ	Samo-oma-i	니오펱	様舞	42.98472222	143.4630556
HAinu232	ポロナイ	Poro-nay	수수운내	幌似	42.98472222	140.6147222
HAinu233	リヤムナイ	Riyam-nay	왘카샄내	梨野舞納	42.98555556	140.5319444
HAinu234	モサ	Mosa	토마타오로	武佐	42.98888889	144.4263889
HAinu235	ペッポ	Pet-po	소야	別保	42.99277778	144.4775
HAinu236	トコタン	To-kotan	폰케리맢	床潭	42.99972222	144.8691667
HAinu237	シムカプ	Si-mukap	오칫펱	占冠	43.00055556	142.4061111
HAinu238	ペケペッレ	Peker-pet	누예	清水	43.005	142.8927778
HAinu239	オトケプ	Otop-ke?	카믜내	音更	43.00805556	143.1869444
HAinu240	オタノシキ	Ota-noski	이와오내	大楽毛	43.01083333	144.2730556
HAinu241	ウェンホロカペッ	Wen-horka-pet	에타예펱	遠幌	43.01222222	142.0483333
HAinu242	テイネル	Teyne-ru	피포올	天寧	43.01388889	144.4413889
HAinu243	オポロペッ	O-poro-pet	카웃내	尾幌	43.01472222	144.7030556
HAinu244	クマウシイ	Kuma-us-i	쿠운투	熊牛	43.01527778	142.9516667
HAinu245	カムイハッタラ	Kamuy-hattar	살펱	発足	43.01583333	140.5680556
HAinu246	アラルル	Ar-rur	아소로	阿野呂	43.01638889	141.8197222
HAinu247	ヌプルウトゥ	Nup-utur	살	信取	43.01777778	143.4380556
HAinu248	アイカプ	Aykap	(비이우니)	愛冠	43.02527778	144.8416667
HAinu249	チウルプ	Ciwrup	펜케펱이찬	散布	43.03111111	145.0266667
HAinu250	チキサプ	Ci-kisa-p	펱캐	月寒	43.03138889	141.3952778
HAinu251	トゥイピラ	Tuy-pira	포로놑	豊平	43.03138889	141.38
HAinu252	ニトゥオマプ	Nitu-oma-p	셑웃이	人舞	43.03222222	142.9244444
HAinu253	ピラケシ	Pira-kes	시후치내	平岸	43.03416667	141.3680556
HAinu254	チャロ	Caro	팔	茶路	43.0375	143.9861111
HAinu255	ピパウシ	Pipa-us-i	시라라오이	美蔓	43.03777778	142.9727778
HAinu256	トマタオロ	Toma-ta-oro	폰포로토	苫多	43.04083333	144.7652778
HAinu257	シンプイ	Sinpuy	눞카펱	渋井	43.045	140.5063889
HAinu258	トヤ	To-ya	폰이오이	遠矢	43.0475	144.4555556
HAinu259	トマム	Tomam	포로핱쿹	トマム	43.04944444	142.6130556
HAinu260	ケネポク	Kene-pok	메낫펱	瞼暮帰	43.05	145.1055556
HAinu261	シカリペッ	Si-kari-pet	노야살	然別	43.05305556	143.0830556
HAinu262	ピパセイ	Pipa-sey	시리펱	琵琶瀬	43.05833333	145.0830556
HAinu263	トゥリトゥイェウシイ	Turi-tuye-us-i	포로눞카펱	鳥通	43.05944444	144.4652778
HAinu264	モイスッ	Moy-sut	틔피라	門静	43.06055556	144.7988889
HAinu265	モイレトマリ	Moyre-tomari	포로모실	泊	43.06666667	140.4944444
HAinu266	テレシケウイ	Terke-us-i	피파웃이	照岸	43.07333333	140.4883333
HAinu267	ナイポ	Naypo	포로피내	苗穂	43.07555556	141.3855556
HAinu268	キタプ	Ki-ta-p	쿤네펱	霧多布	43.07916667	145.1275
HAinu269	コッネイ	Kot-ne-i	모페치	琴似	43.07944444	141.3033333
HAinu270	カパラプフ	Kapar-hup	쾨투예	川流布	43.07972222	143.6591667
HAinu271	シットク	Sittok	오살운내	新得	43.08444444	142.8169444
HAinu272	フシコサッポロ	Husko-satporo	싵톸	（伏籠）伏古	43.08777778	141.3944444
HAinu273	キロル	Kiroru	쿤네펱	貴老路	43.09138889	143.6061111
HAinu274	ヌプロオオペッ	Nup-or-o-pet	샄펱	野幌	43.09333333	141.5244444
HAinu275	エサンピタラ	E-san-pitar	웃올	勇足	43.09333333	143.5191667
HAinu276	サオロオペッ	Sa-or-o-pet	니쿨안	佐幌	43.09444444	142.8633333
HAinu277	ハシャム	(Hasyamu)	살파	発寒	43.09916667	141.2775
HAinu278	チライカリペッ	Ciray-kari-pet	찻내	糸魚沢	43.10444444	144.9297222
HAinu279	タコププ	Tapkop	오타펱	達古武	43.10916667	144.4891667
HAinu280	モイワ	Mo-iwa	퇴카무펱	茂岩	43.11333333	140.4519444
HAinu281	オッカイタムラチャパ	Okkay-tam-carpa	훞웃내	丘珠	43.11555556	141.3961111
HAinu282	シタカラ	Sita-kara?	눔웃홀카내	舌辛	43.11777778	144.1136111
HAinu283	オスウォプ	O-suwop	이올웃이	押帯	43.11805556	143.4380556
HAinu284	テイネニタッ	Teyne-nitat	펱웉카	手稲	43.11805556	141.2391667
HAinu285	トイシカラ	To-isikara	펫포키	対雁	43.11861111	141.5261111
HAinu286	モセウシイ	Mose-us-i	툼실웃이	茂世丑	43.11916667	141.8052778
HAinu287	シカリペッ	Si-kari-pet	놑토	然別	43.12583333	140.7363889
HAinu288	イチャンナイ	Ican-nay	판케유	茶内	43.13055556	145.0272222
HAinu289	リシスッ	Sir-sut	옾켓	後静	43.13361111	145.1222222
HAinu290	ペシポキ	Pes-poki	수마투카리펱	星置	43.13638889	141.1991667
HAinu291	ニウンナイ	Ni-un-nay	포로토	新内	43.13666667	142.7647222
HAinu292	カムイナイ	Kamuy-nay	콭네이	神恵内	43.14361111	140.4319444
HAinu293	ポロト	Poro-to	텟카카	幌戸	43.1475	145.1419444
HAinu294	トオロ	To-or	퐄오이	塘路	43.14916667	144.4969444
HAinu295	ポンポロト	Pon-poroto	테네루	奔幌戸	43.15027778	145.1633333
HAinu296	ハルウシ	Haru-us	사태펱	張碓	43.15388889	141.1219444
HAinu297	フレスマ	Hure-suma	후레수마	赤石	43.15527778	140.4066667
HAinu298	ポロモイ	Poro-moy	탚콮	幌向	43.15777778	141.6502778
HAinu299	クッタラシウイ	Kuttar-us-i	쿠오피라	屈足	43.15972222	142.9138889
HAinu300	スプンペッ	Supun-pet	눞키펱	志文	43.16055556	141.7497222
HAinu301	スポロ	Suporo	누푸리카운펱	士幌	43.16111111	143.24
HAinu302	ユクウトラシペッ	Yuk-turasi-pet	애누오내	幾寅	43.16305556	142.5688889
HAinu303	パラト	Para-to	샅피내	茨戸	43.16472222	141.3538889
HAinu304	シノオロオ	Sino-or-o	눞카	篠路	43.16527778	141.3627778
HAinu305	ウリマク	Uri-mak	에마우리오마렢	瓜幕	43.16638889	143.0247222
HAinu306	ピラウンペッ	Pira-un-pet	시랄이카	美蘭別	43.17416667	143.4261111
HAinu307	パナウンクルヤソッケ	Pana-un-kuru-ya-sotke	셒	花畔	43.17555556	141.305
HAinu308	アッウシナイ	At-us-nay	?내	朝里	43.17611111	141.0613889
HAinu309	フプシウナイ	Hup-us-nay	싵투네?	布伏内	43.17694444	144.0988889
HAinu310	アッナイ	At-nay	콤케토	勝納	43.18222222	141.0155556
HAinu311	オヤフル	Oya-hur	케네니웃이	生振	43.18333333	141.3544444
HAinu312	プヌカ	Nupka	산내	信香	43.18527778	141.0116667
HAinu313	アネペッ	Ane-pet	아실코탄	姉別	43.19416667	145.1941667
HAinu314	イナウ	Inaw	쳎운토	稲穂	43.19694444	140.9966667
HAinu315	サンナイ	San-nay	놑카	珊内	43.19694444	140.3483333
HAinu316	ランオマナイシ	Ran-osma-nay	와?네웃이	蘭島	43.19722222	140.8544444
HAinu317	エルムナイ	Erum-nay	츠레?	色内	43.20138889	140.9986111
HAinu318	テペッシ	Tes-pet	피파웃이	徹別	43.20361111	144.1402778
HAinu319	ニヌムシウペッ	Ninum-us-pet	레푼시랄	仁々志別	43.20527778	144.2152778
HAinu320	ウオシロ	Us-or	이옽이	忍路	43.20777778	140.8647222
HAinu321	ヌムオマナイ	Num-oma-nay	툿펱	桃内	43.20833333	140.8969444
HAinu322	スヤ	Su-ya	놑삼	塩谷	43.20944444	140.9269444
HAinu323	ペカンペウシイ	Pekanpe-us-i	소웃내	別寒辺牛	43.21111111	144.8319444
HAinu324	テムンヤム	Temmun-ya	피파웃이	手宮	43.21277778	141.0077778
HAinu325	トゥカライソ	Tukar-iso	오타놋키	高島	43.21833333	141.0116667
HAinu326	トペッ	To-pet	피우카	当別	43.21833333	141.4766667
HAinu327	ピリカアンペ	Pirka-an-pe	실에톸	美里別	43.21861111	143.4966667
HAinu328	カパララシラ	Kapar-sirar	쾨투예	川白	43.22055556	140.3269444
HAinu329	ペッウッカ*ペトゥッカ	Pet-utka	소야	別当賀	43.22055556	145.4236111
HAinu330	オタモイ	Ota-moy	이와우오이	オタモイ	43.22388889	140.96
HAinu331	センピリ	Senpir	오시랄운펱	仙美里	43.22444444	143.6488889
HAinu332	コムプモイ	Kompu-moy	모래	昆布盛	43.22555556	145.5463889
HAinu333	シリノッ	Sir-not	오사난켚	新篠津	43.22555556	141.6491667
HAinu334	セッチリ	Set-cir	오시랄이카	雪裡	43.22805556	144.3313889
HAinu335	ポロナイ	Poro-nay	숲키살	幌内	43.22805556	141.8966667
HAinu336	アットウクト	At-tuk-to	아맘수케	厚床	43.22972222	145.2522222
HAinu337	シクトゥル	Sikutur	오무이	祝津	43.23	141.0122222
HAinu338	レタラピラ	Retar-pira	오로웬실펱	白岩	43.23083333	140.7355556
HAinu339	ヤムペ	Yam-pe	우래웃펱	山部	43.24305556	142.3830556
HAinu340	タププコ	Tapkop	오타루오마이	達布	43.25	141.8330556
HAinu341	チオプシイ	Ci-o-pus-i	팟쿨	長節	43.255	145.5547222
HAinu342	イナウウシイ	Inaw-us-i	쳎퐆웃이	稲牛	43.25972222	143.6908333
HAinu343	シユツプ	(Siyutup)?	오니웃이	聚富	43.26083333	141.4127778
HAinu344	ポンペッ	Pon-pet	테네이	奔別	43.26416667	141.9541667
HAinu345	トパイェ	To-paye	필카안페	東梅	43.27	145.4761111
HAinu346	オンネト	Onne-to	케리오치	温根沼	43.2775	145.5044444
HAinu347	アクペッ	Ak-pet	악벧	飽別	43.27861111	144.1083333
HAinu348	クチオロ	Kuci-or	쿠오마이	久著呂	43.28166667	144.3730556
HAinu349	スンクニタイ	Sunku-nitay	온네이왘이	春国岱	43.28277778	145.4308333
HAinu350	ノナオマイ	Nona-oma-i	루오산이	沼前	43.28805556	140.3544444
HAinu351	アイカプ	Aykap	(비우카)	愛冠	43.29027778	143.5622222
HAinu352	ヌムオッペ	Num-ot-pe	리얌내	石綿布部	43.29277778	142.4022222
HAinu353	カウシナイ	Ka-us-nay	메낫토마리	光珠内	43.29361111	141.8272222
HAinu354	オンネヤウシペッ	Onne-ya-us-pet	우쾨키웃이	矢臼別	43.29638889	144.8411111
HAinu355	ビイウニ	(Biiuni)	시쿠툴	美国	43.29666667	140.5994444
HAinu356	ポロモシリ	Poro-mosir	탙웃내	幌茂尻	43.29694444	145.5230556
HAinu357	モライ	Mo-ray	퇴카무펱	望来	43.30527778	141.4072222
HAinu358	ポンイオイ	Pon-i-o-i	숨펱	穂香	43.31305556	145.5447222
HAinu359	メトッ	Metot	토파예	芽登	43.31694444	143.3886111
HAinu360	トゥムリシシウイ	Tum-sir-us-i	포로내	友知	43.31777778	145.6713889
HAinu361	チライオッ	Ciray-ot	페켈펱	知来乙	43.32111111	141.6133333
HAinu362	アシリコタン	Asir-kotan	살올	走古丹	43.32305556	145.3325
HAinu363	ラニ	Rani	우투맘펱	螺湾	43.325	143.7325
HAinu364	クチャナイ	Kuca-nay	쿤네수마	草内	43.33	140.3655556
HAinu365	フレペッ	Hure-pet	소콭	布礼別	43.33305556	142.5247222
HAinu366	ポロノッ	Poro-not	살펱	花咲	43.33527778	145.5825
HAinu367	キトウシ	Kito-us	쿠마웃이	喜登牛	43.34083333	143.415
HAinu368	ウコイキウシイ	Ukoyki-us-i	후레펱	奥行	43.3425	145.1558333
HAinu369	ノッカ	Not-ka	산?칲	野塚	43.3425	140.4572222
HAinu370	アッカラシウイ	At-kar-us-i	안치	厚軽臼内	43.35666667	141.7238889
HAinu371	コタンペッ	Kotan-pet	몸차	古潭	43.35722222	141.4283333
HAinu372	ポロモイ	Poro-moy	탚콮래	幌武意	43.35777778	140.5047222
HAinu373	オソコッロ	Osor-kot	이쿳타모실	押琴	43.36305556	141.4316667
HAinu374	コイオマイ	Koy-oma-i	모세웃이	珸瑤瑁	43.365	145.7925
HAinu375	ノカピラ	Noka-pira	르켚	糠平	43.36583333	143.1933333
HAinu376	モシリシケオマナイ	Mosir-kes-oma-nay	누웃펱	島ノ下	43.36638889	142.3402778
HAinu377	サッピナイ	Sat-pi-nay	내포	札比内	43.37027778	141.7438889
HAinu378	ヌウシペッ	Nu-us-pet	란코웃이	西別	43.37361111	144.8758333
HAinu379	コタンナイ	Kotan-nay	모이와	小谷	43.37527778	141.4266667
HAinu380	ペペルイ	Pe-pe-ruy	수마오타	ベベルイ	43.37722222	142.5191667
HAinu381	チャナイシ	Cas-nay	판케실우툴오맢	茶志内	43.37777778	141.8708333
HAinu382	イソポウンナイ	Isopo-un-nay	차로	磯分内	43.37888889	144.5488889
HAinu383	オヨチ	Oyoci	케네퐄	大誉地	43.37888889	143.6480556
HAinu384	ノッサム	Not-sam	루숱	納沙布	43.38527778	145.8122222
HAinu385	ペッカイ	Pet-kay	수마오코탄	別海	43.38638889	145.1130556
HAinu386	クマウシイ	Kuma-us-i	맠카맆	熊牛	43.39277778	144.5322222
HAinu387	モアソロ	Asoro	토야	茂足寄	43.395	143.9836111
HAinu388	ペットゥカリ	Pet-tukari	소웃펱	別狩	43.39555556	141.4377778
HAinu389	アッタ	At-ta	아네펱	厚田	43.39888889	141.4322222
HAinu390	オソキナイ	O-soki?-nay	이와칫	晩生内	43.40083333	141.7780556
HAinu391	ヤソシケ	Ya-soske	우팔래	安瀬	43.42305556	141.4283333
HAinu392	ナエイ	Naey	포로펱	奈井江	43.43027778	141.8833333
HAinu393	キナウシナイ	Kina-us-nay	쿠치올	黄臼内	43.43194444	141.8352778
HAinu394	アカム	Akam	아감	阿寒	43.43277778	144.0933333
HAinu395	サッテクナイ	Sattek-nay	무리이	札的内	43.43444444	141.7691667
HAinu396	スムペッ	Sum-pet	온네키킨	春別	43.43666667	144.9188889
HAinu397	ポンペッ	Pon-pet	테네니탙	本別	43.46277778	144.7569444
HAinu398	シペッチャ	Si-pet-ca	눞삼펱	標茶	43.46333333	144.5922222
HAinu399	トマム	Tomam	포로쿤펱	（斗満）	43.46694444	143.7313889
HAinu400	オサッナイ	O-sat-nay	이차니	於札内	43.4675	141.8011111
HAinu401	リクンペッ	Ri-kun-pet	왘카오이	陸別	43.4675	143.7436111
HAinu402	トゥコタン	Tu-kotan	폰쿤펱?	床丹	43.46833333	145.2563889
HAinu403	クンネペッ	Kunne-pet	마우오이	薫別	43.46888889	143.7472222
HAinu404	ノッカアン	Notka-an	룰모옽페	野花南	43.47472222	142.2588889
HAinu405	(西別参照)	Nu-us-pet	란옷마내	虹別	43.475	144.6497222
HAinu406	ニタッオロプオマ	Nitat-or-oma-p	래파	仁多	43.47722222	144.4802778
HAinu407	ポキンピリ	Pokin-pir	모세웃이	濃昼	43.47861111	141.3927778
HAinu408	ホロカナイ	Horka-nay	숲키내	幌加	43.48194444	143.1286111
HAinu409	ケネウオイカ	Keneu-oika	멤	計根別	43.50555556	144.8038889
HAinu410	オクリキナ	?	후레피라	送毛	43.50861111	141.3683333
HAinu411	トホロ	To-horo	피야	当幌	43.51222222	144.9158333
HAinu412	ヤムワッカナイ	Yam-wakka-nay	우리맠	ヤムワッカナイ	43.51444444	143.7833333
HAinu413	テシカカ	Tes-ka-ka	피파세	弟子屈	43.52611111	144.4902778
HAinu414	サラムトオマナイ	Sar-tom-oma-nay	내위	札友内	43.52916667	144.4058333
HAinu415	モシリシケオマナイ	Mosir-kes-oma-nay	투코탄	茂尻	43.53833333	142.0852778
HAinu416	ピラケシ	Pira-kes	시카리펱	平岸	43.5425	142.1266667
HAinu417	イウｫロシウイ	Iwor-us-i	웉치내	養老牛	43.54333333	144.7191667
HAinu418	ソラプチ	So-rapci	오타뫼	空知	43.54888889	141.9094444
HAinu419	フレピラ	Hure-pira	(토푸요카오로)?	赤平	43.55111111	142.0636111
HAinu420	ペルア	Pe-rua?	실에투	美留和	43.555	144.4333333
HAinu421	オタエトゥ	Ota-etu	이와우펱	尾岱沼	43.55583333	145.22
HAinu422	マタオッイ	Mata-ot-i	토이시카라	俣落	43.55638889	144.8925
HAinu423	クッチャラ	Kutcar	쿠오내	屈斜路	43.55666667	144.3327778
HAinu424	ピパウシイ	Pipa-us-i	시무캎	美馬牛	43.55666667	142.4388889
HAinu425	ピサンペッ	Pi-san-pet	시쿠툴	毘砂別	43.55861111	141.3783333
HAinu426	オシキナウシイ	O-sikina-us-i	후레내	置杵牛	43.56972222	142.5686111
HAinu427	オヤコッ	Oya-kot	얀케내	和琴	43.57833333	144.3105556
HAinu428	ノッケウ	Notkew	샄루	野付	43.59027778	145.335
HAinu429	ウパクペッ	U-pak-pet	치우릐	宇莫別	43.59861111	142.5588889
HAinu430	アマムスケ	Amam-suke	살풑	浜益	43.60194444	141.3836111
HAinu431	ススウンナイ	Susu-un-nay	노야웃이	士寸	43.60472222	141.8380556
HAinu432	ユペオッ	Yupe-ot	에사만이	江部乙	43.61194444	141.9338889
HAinu433	モサ	Mosa	토마리	武佐	43.61722222	144.9969444
HAinu434	ラウネナイ	Rawne-nay	얌왘카내	朗根内	43.62166667	142.5877778
HAinu435	ポンクンペッ	Pon-kun-pet?	마우니웃이오로	群別	43.62416667	141.3675
HAinu436	アンチ	Anci	앜펱	安住	43.64138889	143.5077778
HAinu437	オンネキキン	Onne-kikin	키오페	恩根	43.64305556	144.0330556
HAinu438	シペナイ	Sipe-nay	눞카펱	志比内	43.645	142.5816667
HAinu439	チャシコッ	Casi-kot	판케내	茶志骨	43.64555556	145.1441667
HAinu440	オシラライカ	O-sirar-ika	이소포운내	尾白利加	43.64722222	141.8902778
HAinu441	ポロクンべツ	Poro-kunpet	텟펱	幌	43.64972222	141.3536111
HAinu442	ポンキキン	Pon-kikin	태오로오마펱	本岐	43.65083333	143.9897222
HAinu443	シペッ	Si-pet	눞태	標津	43.65666667	145.1188889
HAinu444	トッコ(ニ)コタン	Tokko(Ni)-kotan	폰키킨	床丹	43.66944444	141.3544444
HAinu445	オケトゥウンナイ	O-ketu-un-nay	훌삼	置戸	43.67638889	143.5877778
HAinu446	メム	Mem	토운펱	メム	43.68444444	141.9283333
HAinu447	オトゥイェポク	O-tuye-pok	카마야펱	音江	43.68638889	142.0961111
HAinu448	チセソウシペッ	Cise-so-us-pet	팟펱	千代志別	43.69	141.3427778
HAinu449	イチャンイ	Ican-i	차시콭	伊茶仁	43.69055556	145.1152778
HAinu450	モセウシイ	Mose-us-i	투파나	妹背牛	43.69444444	141.9633333
HAinu451	エタイェペッ	Etaye-pet	에픠	恵岱別	43.70583333	141.8427778
HAinu452	オオホナイ	Ooho-nay	훞웃이	大鳳	43.70638889	141.9486111
HAinu453	チウルイ	Ciw-ruy	파라토	忠類	43.7225	145.0938889
HAinu454	カムイコタン	Kamuy-kotan	코타누카	神居古潭	43.72277778	142.185
HAinu455	オサナンケプ	O-sa-nanke-p	이칼라니	納内	43.73027778	142.1316667
HAinu456	ウフイ	Uhuy	카리펱	雄冬	43.73722222	141.3380556
HAinu457	イチャン	Ican	차시콭	一已	43.73916667	142.0427778
HAinu458	ウプン	Upun	춬펱	雨紛	43.74277778	142.3447222
HAinu459	コタヌカ	Kotanu-ka	모코치	古多糠	43.74916667	145.0302778
HAinu460	ハルウシナイ	Haru-us-nay	샅후미이	春志内	43.75194444	142.2688889
HAinu461	オンネユ	Onne-yu	키나웃내	温根湯	43.75555556	143.5072222
HAinu462	－	－	코타누웃이	神居	43.75916667	142.3369444
HAinu463	ヘッチェウシイ	Hetce-us-i	키탚	神楽	43.76055556	142.345
HAinu464	チクペッシ	Ci-kus-pet	오요치	秩父別	43.76666667	141.9638889
HAinu465	イワオイ	Iwaw-o-i	치에오타	岩老	43.77333333	141.3688889
HAinu466	サッル	Sat-ru	뫼숱	札弦	43.785	144.5325
HAinu467	ルペペシ	Ru-pes-pe	웬내	留辺蘂	43.78861111	143.6152778
HAinu468	クンネペッ	Kunne-pet	맡네실	薫別	43.79361111	145.0602778
HAinu469	チカウンイプ	Cikap-un-i	오야콭	近文	43.79388889	142.3186111
HAinu470	アイヌオナイ	Aynu-o-nay	(하샤무)	相内	43.79777778	143.7583333
HAinu471	シピパウイ	Pipa-us-i	시노올오	美葉牛	43.80111111	141.8377778
HAinu472	タッウナイシ	Tat-us-nay	오타숱	多度志	43.80916667	142.0238889
HAinu473	サキペモイ	Sakipe-moy	모실켓오마내	崎無異	43.8225	145.0822222
HAinu474	シペトゥカリ	Pes-tukari	수마오맢	別苅	43.83527778	141.4880556
HAinu475	パンケシリルプウトゥオマ	Panke-sir-utur-oma-p	토콤올	真布	43.84555556	141.9202778
HAinu476	エピシプオマ	E-pis-oma-p	에라만테우시	恵比島	43.84916667	141.8811111
HAinu477	ヌプシケ	Nup-kes	오투예퐄	端野	43.84916667	143.9422222
HAinu478	ポロナイ	Poro-nay	수포로	幌内	43.84944444	142.1016667
HAinu479	ルチポシク	Rucis-pok	피라운펱	峠下	43.85055556	141.8061111
HAinu480	シユペッ	Si-yupet	온네내	支湧別	43.85194444	143.1572222
HAinu481	ポロヌプカペッ	Poro-nupka-pet	수수웃내	幌糠	43.85305556	141.7611111
HAinu482	オタノシキ	Ota-noski	포로토	中歌	43.85333333	141.5413889
HAinu483	ヌサペップム	Nup-sam-pet	사올오펱	信砂	43.85833333	141.6022222
HAinu484	ハシベツ	Pas-pet	살오펱	箸別	43.85944444	141.5502778
HAinu485	サックマ	Sat-kuma	외카오마이	舎熊	43.86722222	141.5683333
HAinu486	サラ	Sar	오콤푸웃페	斜里	43.8725	144.6591667
HAinu487	イイカウシイ	I-ika-us-i	앝타	伊香牛	43.87555556	142.5244444
HAinu488	ススウシナイ	Susu-us-nay	셑칠	緋牛内	43.88222222	143.9991667
HAinu489	ウライウシペッ	Uray-us-pet	에한케실?	浦士別	43.88833333	144.41
HAinu490	アイペッ	Ay-pet	(니나)	愛別	43.89472222	142.5827778
HAinu491	アフンイ	Ahun-i	앝칼웃이	阿分	43.895	141.605
HAinu492	ニコロ	Ni-kor	픠오수마	仁頃	43.89833333	143.8994444
HAinu493	スマトゥカリペッ	Suma-tukari-pet	오쿨맡오마이	朱円	43.90472222	144.7511111
HAinu494	レウケプ	Rewke-p	얌쿳내	礼受	43.90527778	141.6111111
HAinu495	エクナペッシ	E-kusna-pet	아틔카	以久科	43.90861111	144.6841667
HAinu496	メマンペッ	Meman-pet	톺웃펱	女満別	43.91333333	144.1708333
HAinu497	ヤペッム	Yam-pet	우싯펱	止別	43.92027778	144.5202778
HAinu498	チスイェウシイ	Cisuye-us-i	파라콭	忠志	43.925	143.9836111
HAinu499	イクタラ	Iktara	애캎	生田原	43.92666667	143.5313889
HAinu500	マサラペッ	Masar-pet	토호로	マサリベツ	43.95472222	141.6808333
HAinu501	ルルモオッペ	Rur-mo-ot-pe	웬펱	留萌	43.95944444	141.6455556
HAinu502	イオピト	I-opi-to	웉내	呼人	43.96166667	144.2177778
HAinu503	オタッニオマプ	O-tatni-oma-p	아훈이	麻布	43.965	145.1391667
HAinu504	モコト	Mokoto	퇴펱	藻琴	43.96722222	144.3191667
HAinu505	サンチプ	(San)?-cip	노나오마이	三泊	43.96833333	141.6466667
HAinu506	ムリイ	Muri-i	토올	武利	43.97305556	143.3344444
HAinu507	ヌウホカナイムシロ	Num-us-horka-nay	루칫퐄	沼牛	43.97416667	142.205
HAinu508	フウイプシ	Hup-us-i	소내	武士	43.98583333	143.7213889
HAinu509	ウシヤ		칲란케웃이	臼谷	43.99777778	141.6544444
HAinu510	オサラウンナイ	O-sar-un-nay	이쿠샆	長留内	43.99861111	142.1208333
HAinu511	ウェンナイ	Wen-nay	치오풋이	雨煙内	44.00583333	142.1933333
HAinu512	マウレセプ	Mauresep	토코탄	丸瀬布	44.00666667	143.3383333
HAinu513	ホロカナイ	Horka-nay	순쿠니태	幌加内	44.00944444	142.1541667
HAinu514	セッウシイ	Set-us-i	오시랄내	頼戸瀬	44.01027778	143.4208333
HAinu515	ウパラライ	U-par-ray	치우릐토픠	卯原内	44.01388889	144.1116667
HAinu516	〈レプンシララ〉	Repun-sirar	얌펱	礼文	44.015	145.1897222
HAinu517	チライオッ	Ciray-ot	펜케내	知来	44.03194444	143.8505556
HAinu518	ニクルアン	Nikur-an	픠오맢	仁倉	44.04805556	143.9080556
HAinu519	ポロトトコ	Poro-?	홀카내	大椴	44.06722222	141.7002778
HAinu520	ウトウシルチクイ	Uturu-ci-kus-i	치우뤂	ウトロ	44.07	144.9966667
HAinu521	サンナイプトゥ	San-nay-putu	옼캐탐찰파	社名淵	44.07166667	143.4377778
HAinu522	ウェンペッ	Wen-pet	치오풋이	雨煙別	44.07555556	142.1444444
HAinu523	トゥウシプ	Tup-usi	포로내	富武士	44.09111111	143.8069444
HAinu524	イワオナイ	Iwa-o-nay	치캎운이	岩尾内	44.09222222	142.7838889
HAinu525	ノッオロ	Not-or	산내	能取	44.09388889	144.1186111
HAinu526	ケリオチ	Keri-oci	멤	計呂地	44.10194444	143.7283333
HAinu527	イワウペッ	Iwaw-pet	치카옢	岩尾別	44.10388889	145.0502778
HAinu528	トゥワラ	Tuwar	포로누탚	登和里	44.11555556	142.7069444
HAinu529	トコロペッ	To-kor-pet	폰펱	常呂	44.12111111	144.0708333
HAinu530	オンネペッ	Onne-pet	키나웃이	遠音別	44.12222222	145.0808333
HAinu531	クオマイ	Ku-oma-i	멮	鴻之舞	44.12527778	143.3527778
HAinu532	パラ	Par	샅루	芭露	44.14972222	143.6916667
HAinu533	オニシカ	O-nis-ka?	카믜루에산이	鬼鹿	44.15527778	141.6577778
HAinu534	セセクイ	Sesek-i	오샅내	瀬石	44.17388889	145.3077778
HAinu535	オンネペッ	Onne-pet	킴운펱	温根別	44.17472222	142.2744444
HAinu536	サッフミイ	Sat-humi-i	니차	札富美	44.18222222	143.5588889
HAinu537	サクル	Sak-ru	모실켓오마내	サクルー	44.19472222	143.0727778
HAinu538	スプンオッナイ	Supun-ot-nay	눞올오펱	志文	44.20055556	143.4830556
HAinu539	ソウシナイ	So-us-nay	오타쿳펱	添牛内	44.21027778	142.1377778
HAinu540	テイネイ	Teyne-i	펱투카리	丁寧	44.21722222	143.6222222
HAinu541	リキピリ	Ri-kipir	왘카찰세	力昼	44.22916667	141.6575
HAinu542	タイオロオマペッ	Tay-oro-oma-pet	오텟펱	多寄	44.24222222	142.395
HAinu543	モペッ	Mo-pet	투리투예웃이	藻別	44.25166667	143.3630556
HAinu544	コタンペッ	Kotan-pet	모코토	古丹別	44.26222222	141.7136111
HAinu545	ウェンピラ	Wen-pira	치쿳펱	上平	44.26277778	141.6555556
HAinu546	コムケト	Komke-to	모랖	小向	44.27777778	143.4522222
HAinu547	スマリナイ	Sumari-nay	오니웃펱	朱鞠内	44.28111111	142.1619444
HAinu548	トマオマイ	Toma-oma-i	포로?	苫前	44.30972222	141.6538889
HAinu549	ウッ	Ut	치세소웃펱	宇津々	44.31388889	143.1983333
HAinu550	モシリウンナイ	Mosir-un-nay	투칼이소	母子里	44.35805556	142.2675
HAinu551	ソコッ	So-kot	온네펱	渚滑	44.37194444	143.3130556
HAinu552	サラシルペペ	Sar-rupespe	놑크	珊瑠	44.40888889	142.6836111
HAinu553	チュペック	Cuk-pet	오야웃이	築別	44.41277778	141.7377778
HAinu554	ウッ	Ut	치수예웃이	宇津	44.42305556	143.0277778
HAinu555	チェウレ	Ceure?	핀네실	天売	44.425	141.3275
HAinu556	サラロオ	Sar-or	니탙올오맢	沙留	44.4325	143.2261111
HAinu557	プチェウント	Cep-un-to	오우콭페	智恵文	44.43777778	142.405
HAinu558	エハンケシリ	Ehanke-sir?	우팤펱	焼尻	44.43944444	141.4269444
HAinu559	オウコッペ	O-u-kot-pe	훗코샅포로	興部	44.47138889	143.1191667
HAinu560	ピウカ	Piwka	시펱	美深	44.47361111	142.3483333
HAinu561	サラキプ	Sarkip	니운내	沢木	44.51777778	143.0619444
HAinu562	ソエサンペッ	So-e-san-pet	온네펱	初山別	44.53305556	141.7669444
HAinu563	モヌプオナイ	Mo-nup-o-nay	우카우시랄	紋穂内	44.55861111	142.3233333
HAinu564	オテレケオッペ	O-terke-ot-pe	헽체웃이	大手	44.55888889	142.32
HAinu565	オムイ	O-mu-i	하루타웃내	雄武	44.58277778	142.9638889
HAinu566	オンネナイ	Onne-nay	켙오펱	恩根内	44.59833333	142.3052778
HAinu567	オクルマッオマイ	O-kurmat-oma-i	후레수마	小車	44.61444444	142.29
HAinu568	オタクシペッ	Ota-kus-pet	치래옽	歌越	44.63583333	141.8172222
HAinu569	ポロナイ	Poro-nay	수푼옽내	幌内	44.65722222	142.8780556
HAinu570	サクル	Sak-ru	뫼레토마리	咲来	44.69055556	142.2644444
HAinu571	オチシペッ	O-cis-pet	카믜코탄	音標	44.705	142.8094444
HAinu572	オトイネプ	O-toyne-p	카마야	音威子府	44.72722222	142.2602778
HAinu573	フレプ	Hure-p	실숱	風烈布	44.74222222	142.7597222
HAinu574	カムイルエサンイ	Kamuy-ru-e-san-i	코탄펱	神路	44.74444444	142.1322222
HAinu575	サクコタンナイ	Sak-kotan-nay	모실운내	佐久	44.74722222	142.0502778
HAinu576	パラオマウッナイ	Par-oma-utnay	토맘	丸松	44.77027778	141.7922222
HAinu577	オキトウンペッ	O-kito-un-pet	캌콬운이	乙忠部	44.77888889	142.7211111
HAinu578	ペンケナイ	Penke-nay	수마리내	辺毛内	44.785	142.515
HAinu579	ケッオペッ	Ket-o-pet	마우레셒	毛登別	44.825	142.3480556
HAinu580	トプシウペッ	Top-us-pet	폰이옾	徳志別	44.83777778	142.6497222
HAinu581	オタヌプリ	Ota-nupuri	칠옾	歌登	44.84361111	142.4758333
HAinu582	パンケナイ	Panke-nay	세타내	パンケナイ	44.85638889	142.4869444
HAinu583	ウッナイ	Ut-nay	치래펱	歌内	44.8675	142.0580556
HAinu584	テシウンイ	Tes-un-i	피파이로펱	天塩	44.87638889	141.7455556
HAinu585	ピンネシリ	Pinne-sir	실놑	敏音知	44.8775	142.2133333
HAinu586	オヌプウンナイ	O-nup-un-nay	캎캐?	雄信内	44.89805556	141.9197222
HAinu587	ペンケペッイチャン	Penke-pet-ican	소펱	兵安	44.90722222	142.3319444
HAinu588	トイカムペッ	Toy-kamu-pet	피라카운코탄	問寒別	44.91583333	142.0225
HAinu589	マッネシリ	Matne-sir	토콜펱	松音知	44.92944444	142.2163889
HAinu590	トイマキ	Toimaki?	피라켓	問牧	45.00194444	142.535
HAinu591	ポロヌタプ	Poro-nutap	수야	幌延	45.02	141.8522222
HAinu592	メナシトマリ	Menas-tomari	토펱	目梨泊	45.03555556	142.5144444
HAinu593	パンケト	Panke-to	오호웉내	下沼	45.03694444	141.7530556
HAinu594	ソナイ	So-nay	오키토운펱	斜内	45.06916667	142.4697222
HAinu595	トイカムペッ	Toy-kamu-pet	포로내	豊寒別	45.08138889	142.3988889
HAinu596	イペコロペッ	Ipe-kor-pet	에산이	エベコロベツ	45.08666667	141.8938889
HAinu597	ニタッナイ	Nitat-nay	라우네내	仁達内	45.09027778	142.2380556
HAinu598	サラオペッ	Sar-o-pet	니투오맢	サロベツ	45.09666667	141.7775
HAinu599	ワッカサナイク	Wakka-sak-nay	얌왘카내	稚咲内	45.10694444	141.63
HAinu600	チェッポオチ	Ceppo-oci	오소키?내	仙法志	45.10972222	141.2175
HAinu601	トウンペッ	To-un-pet	포로오만펱	頓別	45.13055556	142.3941667
HAinu602	オンネイワクイ	Onne-iwak-i	카팔훞	鬼脇	45.13888889	141.3088889
HAinu603	ヤムワッカル	Yam-wakka-ru	우푼	山軽	45.15361111	142.3241667
HAinu604	メナシペッ	Menas-pet	토펱	目梨別	45.17444444	141.8238889
HAinu605	クッカアンナイ	Kut-ka-an-nay	쿨맡내	沓形	45.18638889	141.1372222
HAinu606	サラオマペッ	Sar-oma-pet	아캄	芦川	45.19583333	141.7458333
HAinu607	オネッオマプ	O-net-oma-p	카팔시랄		45.21666667	141.5897222
HAinu608	ウシトマリ	Us-tomari	이나우	鴛泊	45.245	141.2236111
HAinu609	カリペッ	Kari-pet	쾨오마이	狩別	45.24861111	142.1627778
HAinu610	イオッイ	I-ot-i	웃올	勇知	45.25972222	141.6863889
HAinu611	サラプッ	Sar-put	니시탚	猿払	45.26527778	142.1933333
HAinu612	シリクエト	Sir-etok	오리칸펱	知床	45.27527778	141.0347222
HAinu613	カプカイ	Kap-kay?	콘포누푸리	香深	45.30444444	141.0466667
HAinu614	パッカイペ	Pakkay-pe	샅내	抜海	45.31083333	141.6211111
HAinu615	オニウシペッ	O-ni-us-pet	카팔	鬼志別	45.33111111	142.1155556
HAinu616	マシウポポ	Mas-upopo	퇴마키?	増幌	45.37111111	141.8319444
HAinu617	チライペッ	Ciray-pet	페켈펱	知来別	45.37944444	142.0875
HAinu618	ヤムワッカナイ	Yam-wakka-nay	윸투라시펱	稚内	45.40361111	141.66
HAinu619	コイトゥイェ	Koy-tuye	메톹	声問	45.40583333	141.7547222
HAinu620	ノッサム	Not-sam	사키페뫼	ノシャップ	45.44527778	141.6508333
HAinu621	ソヤ	So-ya	오타에투	宗谷	45.48638889	141.8808333
HAinu622	サンナイ	San-nay	놑카안	珊内	45.50444444	141.9297222
